<?xml version="1.0" ?>
<SaveGameData z="1">
<portraitName>graphics/portraits/portrait45.png</portraitName>
<characterName>Hygiea Collins</characterName>
<saveFileVersion>0.5</saveFileVersion>
<characterLevel>15</characterLevel>
<compressed>false</compressed>
<isIronMode>false</isIronMode>
<difficulty>normal</difficulty>
<gameDate z="2">
<secondsPerDay>10.0</secondsPerDay>
<timestamp>-54250848032000</timestamp>
</gameDate>
<saveDate z="3">2024-05-12 19:00:38.374 UTC</saveDate>
<allModsEverEnabled z="4">
<EnabledModData z="5">
<spec z="6">
<id>ShipCatalogVariantEditor</id>
<desc>Creates test missions for more convenient browsing through ship catalogues / variant editing.</desc>
<name>~Ship Catalogue / Variant Editor</name>
<gameVersion z="7">
<major>0.97</major>
<minor>11</minor>
<patch></patch>
<string>0.97a-RC11</string>
<minorIsRC>true</minorIsRC>
</gameVersion>
<versionInfo z="8">
<major>1</major>
<minor>8</minor>
<patch>2</patch>
<string>1.8.2</string>
<minorIsRC>false</minorIsRC>
</versionInfo>
<author>rubi</author>
<path>C:\Program Files (x86)\Fractal Softworks\Starsector\starsector-core\..\mods\SCVE-v1.8.2</path>
<dirName>SCVE-v1.8.2</dirName>
<totalConversion>false</totalConversion>
<utility>true</utility>
<modPluginClassName>data.scripts.SCVE_ModPlugin</modPluginClassName>
<fullOverrides z="9"></fullOverrides>
<jars z="10">
<st>jars/SCVE.jar</st>
</jars>
<requiredMemoryMB>0</requiredMemoryMB>
<dependencies z="11"></dependencies>
</spec>
</EnabledModData>
<EnabledModData z="12">
<spec z="13">
<id>sequence_fighter</id>
<desc>midline fighter/bomber</desc>
<name>Sequence Fighter</name>
<gameVersion z="14">
<major>0.97</major>
<minor>11</minor>
<patch></patch>
<string>0.97a-RC11</string>
<minorIsRC>true</minorIsRC>
</gameVersion>
<versionInfo z="15">
<major></major>
<minor></minor>
<patch></patch>
<string>ABB</string>
<minorIsRC>false</minorIsRC>
</versionInfo>
<author>Randomized Randomizer, [anonymous]</author>
<path>C:\Program Files (x86)\Fractal Softworks\Starsector\starsector-core\..\mods\Sequence Fighter</path>
<dirName>Sequence Fighter</dirName>
<totalConversion>false</totalConversion>
<utility>false</utility>
<fullOverrides z="16"></fullOverrides>
<jars z="17"></jars>
<requiredMemoryMB>0</requiredMemoryMB>
<dependencies z="18"></dependencies>
</spec>
</EnabledModData>
<EnabledModData z="19">
<spec z="20">
<id>FUCKSMODS</id>
<desc>you don't get to bring friends</desc>
<name>Remnant Nerf and Others</name>
<gameVersion z="21">
<major>0.97</major>
<minor>11</minor>
<patch></patch>
<string>0.97a-RC11</string>
<minorIsRC>true</minorIsRC>
</gameVersion>
<versionInfo z="22">
<major></major>
<minor></minor>
<patch></patch>
<string>A</string>
<minorIsRC>false</minorIsRC>
</versionInfo>
<author>Krill</author>
<path>C:\Program Files (x86)\Fractal Softworks\Starsector\starsector-core\..\mods\Bad Mod</path>
<dirName>Bad Mod</dirName>
<totalConversion>false</totalConversion>
<utility>false</utility>
<fullOverrides z="23"></fullOverrides>
<jars z="24"></jars>
<requiredMemoryMB>0</requiredMemoryMB>
<dependencies z="25"></dependencies>
</spec>
</EnabledModData>
<EnabledModData z="26">
<spec z="27">
<id>IMBLIND</id>
<desc>MY EYES!!!</desc>
<name>Weird Looking Stars (BG/BSG/BD)</name>
<gameVersion z="28">
<major>0.97</major>
<minor>11</minor>
<patch></patch>
<string>0.97a-RC11</string>
<minorIsRC>true</minorIsRC>
</gameVersion>
<versionInfo z="29">
<major></major>
<minor></minor>
<patch></patch>
<string>AA</string>
<minorIsRC>false</minorIsRC>
</versionInfo>
<author>Krill</author>
<path>C:\Program Files (x86)\Fractal Softworks\Starsector\starsector-core\..\mods\weird looking stars (BG, BSG &amp; BD)</path>
<dirName>weird looking stars (BG, BSG &amp; BD)</dirName>
<totalConversion>false</totalConversion>
<utility>false</utility>
<fullOverrides z="30"></fullOverrides>
<jars z="31"></jars>
<requiredMemoryMB>0</requiredMemoryMB>
<dependencies z="32"></dependencies>
</spec>
</EnabledModData>
</allModsEverEnabled>
<enabledMods z="33">
<EnabledModData z="34">
<spec ref="13"></spec>
</EnabledModData>
<EnabledModData z="35">
<spec z="36">
<id>ShipCatalogVariantEditor</id>
<desc>Creates test missions for more convenient browsing through ship catalogues / variant editing.</desc>
<name>~Ship Catalogue / Variant Editor</name>
<gameVersion z="37">
<major>0.97</major>
<minor>11</minor>
<patch></patch>
<string>0.97a-RC11</string>
<minorIsRC>true</minorIsRC>
</gameVersion>
<versionInfo z="38">
<major>1</major>
<minor>8</minor>
<patch>2</patch>
<string>1.8.2</string>
<minorIsRC>false</minorIsRC>
</versionInfo>
<author>rubi</author>
<path>C:\Program Files (x86)\Fractal Softworks\Starsector\starsector-core\..\mods\SCVE-v1.8.2</path>
<dirName>SCVE-v1.8.2</dirName>
<totalConversion>false</totalConversion>
<utility>true</utility>
<modPluginClassName>data.scripts.SCVE_ModPlugin</modPluginClassName>
<fullOverrides z="39"></fullOverrides>
<jars z="40">
<st>jars/SCVE.jar</st>
</jars>
<requiredMemoryMB>0</requiredMemoryMB>
<dependencies z="41"></dependencies>
</spec>
</EnabledModData>
<EnabledModData z="42">
<spec ref="20"></spec>
</EnabledModData>
<EnabledModData z="43">
<spec ref="27"></spec>
</EnabledModData>
</enabledMods>
</SaveGameData>